Date,High,Low,Open,Close,Volume,Adj Close,Return
2019-01-09,7.989999771118164,5.599999904632568,5.909999847412109,7.550000190734863,204200,7.550000190734863,
2019-01-10,11.442999839782715,6.909999847412109,8.0,7.230000019073486,242500,7.230000019073486,-0.04238412762612531
2019-01-11,9.253000259399414,6.840000152587891,6.849999904632568,8.899999618530273,204000,8.899999618530273,0.23098196335424004
2019-01-14,8.8100004196167,7.630000114440918,8.5,7.949999809265137,149000,7.949999809265137,-0.10674155617795611
2019-01-15,8.369999885559082,6.659999847412109,7.900000095367432,7.480000019073486,133600,7.480000019073486,-0.05911947188274147
2019-01-16,7.670000076293945,6.699999809265137,7.670000076293945,6.769999980926514,63100,6.769999980926514,-0.09491979095408043
2019-01-17,7.0,5.35699987411499,6.599999904632568,6.110000133514404,46200,6.110000133514404,-0.09748889944927064
2019-01-18,6.455999851226807,5.340000152587891,5.340000152587891,6.349999904632568,11500,6.349999904632568,0.03927983074856645
2019-01-22,6.635000228881836,5.829999923706055,6.25,6.230000019073486,22100,6.230000019073486,-0.018897620056897546
2019-01-23,6.429999828338623,5.610000133514404,6.010000228881836,6.429999828338623,12300,6.429999828338623,0.032102698018110276
2019-01-24,6.869999885559082,5.900000095367432,6.5,6.400000095367432,29600,6.400000095367432,-0.004665588456001957
2019-01-25,7.699999809265137,6.389999866485596,6.389999866485596,6.619999885559082,27400,6.619999885559082,0.034374966705218446
2019-01-28,7.46999979019165,6.329999923706055,6.480000019073486,6.5,11800,6.5,-0.018126871243736797
2019-01-29,6.440000057220459,5.75,6.389999866485596,6.199999809265137,20900,6.199999809265137,-0.04615387549767125
2019-01-30,6.300000190734863,5.78000020980835,6.230999946594238,6.13100004196167,5400,6.13100004196167,-0.011128995068734548
2019-01-31,6.5,6.210000038146973,6.218999862670898,6.5,5500,6.5,0.06018593304727249
2019-02-01,6.659999847412109,6.349999904632568,6.650000095367432,6.360000133514404,2500,6.360000133514404,-0.021538440997783903
2019-02-04,7.0,6.445000171661377,6.4679999351501465,6.599999904632568,14100,6.599999904632568,0.03773581227671219
2019-02-05,6.369999885559082,5.650000095367432,6.349999904632568,6.28000020980835,5800,6.28000020980835,-0.04848480294668034
2019-02-06,6.579999923706055,6.010000228881836,6.260000228881836,6.010000228881836,2900,6.010000228881836,-0.04299362609969615
2019-02-07,6.0,6.0,6.0,6.0,400,6.0,-0.001663931530947127
2019-02-08,6.010000228881836,5.710000038146973,6.010000228881836,5.710000038146973,600,5.710000038146973,-0.04833332697550452
2019-02-11,5.900000095367432,5.409999847412109,5.75,5.7270002365112305,8200,5.7270002365112305,0.0029772676446031543
2019-02-12,5.7270002365112305,4.559999942779541,5.699999809265137,4.690000057220459,27300,4.690000057220459,-0.18107213837352487
2019-02-13,4.9770002365112305,4.53000020980835,4.9770002365112305,4.550000190734863,1800,4.550000190734863,-0.029850717436572305
2019-02-14,4.539999961853027,4.3420000076293945,4.357999801635742,4.500999927520752,4800,4.500999927520752,-0.010769288167040147
2019-02-15,4.807000160217285,4.510000228881836,4.510000228881836,4.739999771118164,8800,4.739999771118164,0.05309927737080833
2019-02-19,5.449999809265137,4.710000038146973,4.710000038146973,5.199999809265137,9400,5.199999809265137,0.09704642623610482
2019-02-20,5.645999908447266,4.550000190734863,5.269999980926514,4.840000152587891,13600,4.840000152587891,-0.0692307057465299
2019-02-21,5.0,4.840000152587891,4.840000152587891,4.900000095367432,3500,4.900000095367432,0.012396682001644121
2019-02-22,5.079999923706055,4.639999866485596,4.880000114440918,5.079999923706055,4600,5.079999923706055,0.0367346581296597
2019-02-25,5.929999828338623,5.269999980926514,5.269999980926514,5.396999835968018,24200,5.396999835968018,0.062401558469059815
2019-02-26,5.650000095367432,5.199999809265137,5.61299991607666,5.369999885559082,5900,5.369999885559082,-0.005002770285260305
2019-02-27,5.550000190734863,5.050000190734863,5.550000190734863,5.190000057220459,9900,5.190000057220459,-0.03351952182022866
2019-02-28,5.46999979019165,4.940000057220459,5.199999809265137,5.25,11700,5.25,0.011560682489023755
2019-03-01,5.388000011444092,5.070000171661377,5.367000102996826,5.070000171661377,4700,5.070000171661377,-0.034285681588309136
2019-03-04,5.0,4.570000171661377,5.0,4.820000171661377,5900,4.820000171661377,-0.04930966302474071
2019-03-05,6.690999984741211,4.599999904632568,4.829999923706055,5.039999961853027,114300,5.039999961853027,0.04564310837271601
2019-03-06,5.78000020980835,4.974999904632568,5.230000019073486,5.409999847412109,42200,5.409999847412109,0.07341267626181613
2019-03-07,5.989999771118164,5.050000190734863,5.449999809265137,5.949999809265137,43400,5.949999809265137,0.09981515288051956
2019-03-08,5.855000019073486,5.230000019073486,5.840000152587891,5.230000019073486,14500,5.230000019073486,-0.12100837197851522
2019-03-11,5.504000186920166,5.019999980926514,5.175000190734863,5.170000076293945,10400,5.170000076293945,-0.01147226435195503
2019-03-12,5.298999786376953,5.099999904632568,5.25,5.179999828338623,3600,5.179999828338623,0.0019341879878358448
2019-03-13,5.236999988555908,5.000999927520752,5.025000095367432,5.03000020980835,6200,5.03000020980835,-0.02895745627435331
2019-03-14,5.25,4.72599983215332,5.03000020980835,5.050000190734863,6600,5.050000190734863,0.003976139183357041
2019-03-15,5.190000057220459,4.791999816894531,5.190000057220459,5.014999866485596,1800,5.014999866485596,-0.006930757015312983
2019-03-18,5.043000221252441,4.78000020980835,5.043000221252441,4.980000019073486,4500,4.980000019073486,-0.0069790325710689105
2019-03-19,5.199999809265137,4.801000118255615,4.960000038146973,5.199999809265137,4800,5.199999809265137,0.04417666452792113
2019-03-20,5.307000160217285,5.071000099182129,5.184999942779541,5.307000160217285,2100,5.307000160217285,0.020576991322480476
2019-03-21,5.480000019073486,4.826000213623047,5.480000019073486,4.900000095367432,4000,4.900000095367432,-0.0766911725198044
2019-03-22,4.940000057220459,4.769999980926514,4.909999847412109,4.800000190734863,5500,4.800000190734863,-0.020408143405366563
2019-03-25,4.881999969482422,4.711999893188477,4.730000019073486,4.711999893188477,1600,4.711999893188477,-0.018333394593660235
2019-03-26,4.711999893188477,4.711999893188477,4.711999893188477,4.711999893188477,100,4.711999893188477,0.0
2019-03-27,4.965000152587891,4.760000228881836,4.940000057220459,4.760000228881836,11200,4.760000228881836,0.010186828688758531
2019-03-28,4.789999961853027,4.500999927520752,4.789999961853027,4.699999809265137,4700,4.699999809265137,-0.012605129565465112
2019-03-29,4.789999961853027,4.570000171661377,4.570000171661377,4.789999961853027,300,4.789999961853027,0.019148969412822625
2019-04-01,4.857999801635742,4.5,4.559999942779541,4.599999904632568,1100,4.599999904632568,-0.039665983034153696
2019-04-02,4.572000026702881,4.210000038146973,4.309999942779541,4.572000026702881,1300,4.572000026702881,-0.006086930110909217
2019-04-03,4.630000114440918,4.010000228881836,4.010000228881836,4.199999809265137,15300,4.199999809265137,-0.08136487647967361
2019-04-04,4.610000133514404,4.099999904632568,4.610000133514404,4.099999904632568,3800,4.099999904632568,-0.023809502184254927
2019-04-05,4.429999828338623,4.070000171661377,4.210000038146973,4.099999904632568,5300,4.099999904632568,0.0
2019-04-08,4.568999767303467,4.019999980926514,4.198999881744385,4.329999923706055,6400,4.329999923706055,0.05609756693252854
2019-04-09,4.510000228881836,4.039999961853027,4.320000171661377,4.5,6400,4.5,0.039260988288526866
2019-04-10,4.619999885559082,4.079999923706055,4.449999809265137,4.159999847412109,10400,4.159999847412109,-0.07555558946397567
2019-04-11,4.489999771118164,4.099999904632568,4.150000095367432,4.489999771118164,8800,4.489999771118164,0.07932690764672601
2019-04-12,4.5,4.181000232696533,4.46999979019165,4.190000057220459,2700,4.190000057220459,-0.06681508445221918
2019-04-15,4.447999954223633,4.019999980926514,4.447999954223633,4.019999980926514,3300,4.019999980926514,-0.040572810017267424
2019-04-16,4.408999919891357,4.019999980926514,4.019999980926514,4.150000095367432,3800,4.150000095367432,0.03233833707903555
2019-04-17,4.385000228881836,4.026000022888184,4.359000205993652,4.190000057220459,4700,4.190000057220459,0.00963854480333115
2019-04-18,4.392000198364258,4.0,4.369999885559082,4.045000076293945,6000,4.045000076293945,-0.0346062002258547
2019-04-22,4.078000068664551,3.9600000381469727,3.9600000381469727,4.078000068664551,300,4.078000068664551,0.00815821798471772
2019-04-23,4.090000152587891,4.090000152587891,4.090000152587891,4.090000152587891,200,4.090000152587891,0.0029426394608349504
2019-04-24,4.090000152587891,4.090000152587891,4.090000152587891,4.090000152587891,0,4.090000152587891,0.0
2019-04-25,4.4029998779296875,3.380000114440918,3.930000066757202,3.802000045776367,54300,3.802000045776367,-0.07041567141001093
2019-04-26,4.114999771118164,3.6500000953674316,3.8499999046325684,4.114999771118164,19500,4.114999771118164,0.08232501882515963
2019-04-29,4.289999961853027,3.9000000953674316,4.150000095367432,4.071000099182129,4300,4.071000099182129,-0.01069250896314855
2019-04-30,4.21999979019165,3.680000066757202,4.199999809265137,3.9000000953674316,3700,3.9000000953674316,-0.04200442143173899
2019-05-01,4.210000038146973,4.091000080108643,4.091000080108643,4.210000038146973,700,4.210000038146973,0.07948716287155233
2019-05-02,4.289999961853027,3.869999885559082,4.289999961853027,4.269999980926514,2900,4.269999980926514,0.014251767751990219
2019-05-03,4.260000228881836,4.019999980926514,4.260000228881836,4.019999980926514,1600,4.019999980926514,-0.05854800962920714
2019-05-06,4.170000076293945,4.050000190734863,4.170000076293945,4.159999847412109,900,4.159999847412109,0.034825837599464116
2019-05-07,4.289999961853027,4.007999897003174,4.007999897003174,4.269999980926514,2900,4.269999980926514,0.026442340757015792
2019-05-08,4.400000095367432,4.059999942779541,4.400000095367432,4.059999942779541,1000,4.059999942779541,-0.04918033702225133
2019-05-09,4.400000095367432,4.13100004196167,4.400000095367432,4.13100004196167,800,4.13100004196167,0.017487709404626628
2019-05-10,4.400000095367432,3.9100000858306885,4.099999904632568,4.196000099182129,14300,4.196000099182129,0.015734702628952935
2019-05-13,4.744999885559082,4.050000190734863,4.168000221252441,4.432000160217285,28000,4.432000160217285,0.056244055161284834
2019-05-14,4.730000019073486,4.010000228881836,4.190000057220459,4.179999828338623,16900,4.179999828338623,-0.056859278603073715
2019-05-15,4.380000114440918,4.070000171661377,4.119999885559082,4.070000171661377,700,4.070000171661377,-0.0263157084197696
2019-05-16,4.250999927520752,4.150000095367432,4.150000095367432,4.250999927520752,1100,4.250999927520752,0.04447168261063994
2019-05-17,4.459000110626221,3.799999952316284,4.119999885559082,4.1579999923706055,4900,4.1579999923706055,-0.02187719048124881
2019-05-20,4.130000114440918,4.050000190734863,4.099999904632568,4.130000114440918,3100,4.130000114440918,-0.006733977388423185
2019-05-21,4.289000034332275,4.139999866485596,4.139999866485596,4.236000061035156,3600,4.236000061035156,0.02566584592179555
2019-05-22,4.309999942779541,3.990000009536743,4.099999904632568,4.050000190734863,9800,4.050000190734863,-0.04390931719081226
2019-05-23,4.099999904632568,3.9000000953674316,4.099999904632568,4.0,11600,4.0,-0.012345725525951368
2019-05-24,4.150000095367432,3.7190001010894775,4.150000095367432,3.9719998836517334,14000,3.9719998836517334,-0.00700002908706665
2019-05-28,4.019999980926514,3.808000087738037,4.019999980926514,3.809999942779541,1900,3.809999942779541,-0.040785484797963956
2019-05-29,3.7330000400543213,3.7330000400543213,3.7330000400543213,3.7330000400543213,100,3.7330000400543213,-0.020209948525365395
2019-05-30,3.7330000400543213,3.7330000400543213,3.7330000400543213,3.7330000400543213,0,3.7330000400543213,0.0
2019-05-31,4.949999809265137,3.940000057220459,4.039999961853027,4.760000228881836,89000,4.760000228881836,0.2751138970822433
2019-06-03,5.690000057220459,4.699999809265137,4.949999809265137,4.734000205993652,38300,4.734000205993652,-0.0054621894197453
2019-06-04,5.7170000076293945,4.78000020980835,4.78000020980835,5.085000038146973,53700,5.085000038146973,0.07414444801014675
2019-06-05,5.699999809265137,4.734000205993652,5.130000114440918,5.699999809265137,10400,5.699999809265137,0.12094390688387802
2019-06-06,6.480000019073486,5.150000095367432,5.639999866485596,6.400000095367432,23100,6.400000095367432,0.12280707184664652
2019-06-07,6.679999828338623,5.199999809265137,6.679999828338623,5.361999988555908,25300,5.361999988555908,-0.1621875142725182
2019-06-10,5.989999771118164,5.307000160217285,5.309999942779541,5.679999828338623,9900,5.679999828338623,0.05930619926546443
2019-06-11,5.738999843597412,5.210000038146973,5.710000038146973,5.210000038146973,9800,5.210000038146973,-0.08274644443591883
2019-06-12,6.216000080108643,5.050000190734863,5.739999771118164,5.559999942779541,121000,5.559999942779541,0.0671784840825167
2019-06-13,8.369999885559082,5.670000076293945,6.059999942779541,7.570000171661377,172700,7.570000171661377,0.3615108362531747
2019-06-14,7.960000038146973,6.0,7.0,7.150000095367432,71300,7.150000095367432,-0.0554821752668162
2019-06-17,7.980000019073486,6.0,7.170000076293945,6.849999904632568,115300,6.849999904632568,-0.04195806807460556
2019-06-18,7.710000038146973,6.599999904632568,6.789999961853027,7.599999904632568,64000,7.599999904632568,0.1094890526192247
2019-06-19,8.520000457763672,7.309999942779541,7.849999904632568,8.300000190734863,74800,8.300000190734863,0.09210530195870281
2019-06-20,9.890000343322754,7.909999847412109,8.680000305175781,8.906000137329102,48300,8.906000137329102,0.07301204008051765
2019-06-21,9.5,7.440000057220459,9.300000190734863,9.149999618530273,13000,9.149999618530273,0.027397201598780452
2019-06-24,9.5,8.755999565124512,9.199999809265137,9.25,13400,9.25,0.010929003894951883
2019-06-25,11.960000038146973,9.25,9.25,10.331000328063965,40700,10.331000328063965,0.11686490033123942
2019-06-26,10.979999542236328,8.609999656677246,10.859999656677246,10.979999542236328,34300,10.979999542236328,0.06282055885811655
2019-06-27,14.583999633789062,9.529999732971191,10.5,12.9399995803833,31700,12.9399995803833,0.17850638614396286
2019-06-28,16.93000030517578,13.0,13.0,16.829999923706055,114600,16.829999923706055,0.30061827430194765
2019-07-01,19.049999237060547,16.010000228881836,17.649999618530273,19.049999237060547,74200,19.049999237060547,0.13190726817695886
2019-07-02,19.100000381469727,17.049999237060547,18.93000030517578,18.549999237060547,45700,18.549999237060547,-0.02624672021126817
2019-07-03,19.0,14.59000015258789,19.0,18.010000228881836,21300,18.010000228881836,-0.029110459859203686
2019-07-05,19.209999084472656,17.780000686645508,17.90999984741211,18.60099983215332,20700,18.60099983215332,0.03281508027544189
2019-07-08,19.549999237060547,17.110000610351562,18.389999389648438,17.204999923706055,34300,17.204999923706055,-0.07504972426450796
2019-07-09,18.610000610351562,14.800000190734863,18.030000686645508,14.800000190734863,25200,14.800000190734863,-0.13978493133600323
2019-07-10,13.800000190734863,9.279999732971191,13.800000190734863,11.12600040435791,88200,11.12600040435791,-0.24824322561002132
2019-07-11,10.470000267028809,8.760000228881836,10.0600004196167,8.760000228881836,18700,8.760000228881836,-0.21265505028647513
2019-07-12,12.520000457763672,8.581000328063965,8.600000381469727,11.010000228881836,57100,11.010000228881836,0.25684930835751807
2019-07-15,13.210000038146973,10.319999694824219,11.399999618530273,12.479999542236328,22500,12.479999542236328,0.13351492123481856
2019-07-16,12.767000198364258,11.85099983215332,12.300000190734863,12.5,10000,12.5,0.0016026008411285098
2019-07-17,13.75,12.5,13.3100004196167,13.300000190734863,15700,13.300000190734863,0.06400001525878896
2019-07-18,16.299999237060547,11.75,13.489999771118164,16.299999237060547,10200,16.299999237060547,0.2255638348347968
2019-07-19,18.049999237060547,13.489999771118164,18.049999237060547,17.1200008392334,23600,17.1200008392334,0.05030684911373817
2019-07-22,18.030000686645508,14.020000457763672,18.030000686645508,16.219999313354492,9400,16.219999313354492,-0.052570180009360756
2019-07-23,16.100000381469727,14.711999893188477,15.369999885559082,14.711999893188477,13800,14.711999893188477,-0.09297160813838179
2019-07-24,16.066999435424805,14.829000473022461,15.520999908447266,15.149999618530273,16300,15.149999618530273,0.029771596555311808
2019-07-25,15.489999771118164,13.149999618530273,15.489999771118164,13.699999809265137,49300,13.699999809265137,-0.09570956077725656
2019-07-26,14.515999794006348,13.20300006866455,13.710000038146973,14.430000305175781,9000,14.430000305175781,0.05328470847254718
2019-07-29,13.777999877929688,10.739999771118164,13.710000038146973,11.039999961853027,15700,11.039999961853027,-0.2349272537511189
2019-07-30,12.069999694824219,10.84000015258789,10.84000015258789,12.069999694824219,8200,12.069999694824219,0.09329707758425654
2019-07-31,13.510000228881836,11.050000190734863,13.510000228881836,11.545999526977539,2800,11.545999526977539,-0.04341343671047304
2019-08-01,11.562999725341797,9.5,10.779999732971191,10.300000190734863,10100,10.300000190734863,-0.10791610837427845
2019-08-02,10.75,9.550000190734863,10.130000114440918,9.850000381469727,900,9.850000381469727,-0.04368930106136537
2019-08-05,11.5,10.050000190734863,11.0,11.489999771118164,11900,11.489999771118164,0.1664973935162155
2019-08-06,11.75,8.8100004196167,11.75,9.079999923706055,37600,9.079999923706055,-0.20974759751257832
2019-08-07,9.369999885559082,7.010000228881836,9.229999542236328,7.690000057220459,31600,7.690000057220459,-0.15308368702257202
2019-08-08,7.699999809265137,5.699999809265137,7.599999904632568,5.699999809265137,35900,5.699999809265137,-0.25877766360831544
2019-08-09,6.360000133514404,5.156000137329102,5.800000190734863,5.309000015258789,65400,5.309000015258789,-0.06859645738422515
2019-08-12,8.112000465393066,2.359999895095825,6.5,2.700000047683716,880700,2.700000047683716,-0.4914296402479661
2019-08-13,13.350000381469727,2.5,2.7100000381469727,7.340000152587891,8264900,7.340000152587891,1.718518527021787
2019-08-14,6.369999885559082,3.25,6.019999980926514,4.0,2358400,4.0,-0.4550408832635098
2019-08-15,4.400000095367432,3.759999990463257,4.150000095367432,4.039999961853027,429500,4.039999961853027,0.009999990463256836
2019-08-16,6.440000057220459,3.890000104904175,4.099999904632568,5.079999923706055,3796200,5.079999923706055,0.2574257355626337
2019-08-19,5.650000095367432,4.0,4.980000019073486,4.400000095367432,1119900,4.400000095367432,-0.1338582359352748
2019-08-20,4.590000152587891,4.019999980926514,4.309999942779541,4.079999923706055,266900,4.079999923706055,-0.07272731016490008
2019-08-21,4.590000152587891,4.0,4.0,4.139999866485596,302900,4.139999866485596,0.014705868603311245
2019-08-22,4.519999980926514,3.75,4.139999866485596,4.099999904632568,322600,4.099999904632568,-0.009661826846140142
2019-08-23,4.191999912261963,3.859999895095825,4.0,3.950000047683716,151900,3.950000047683716,-0.03658533181412238
2019-08-26,4.059999942779541,3.6700000762939453,4.059999942779541,3.8399999141693115,141500,3.8399999141693115,-0.027848134730759977
2019-08-27,3.9800000190734863,3.549999952316284,3.869999885559082,3.549999952316284,168300,3.549999952316284,-0.07552082508724789
2019-08-28,3.549999952316284,3.25,3.549999952316284,3.4700000286102295,130100,3.4700000286102295,-0.022535190079046807
2019-08-29,5.25,3.5299999713897705,3.5299999713897705,4.090000152587891,4747900,4.090000152587891,0.17867438584027262
2019-08-30,4.340000152587891,4.0,4.010000228881836,4.039999961853027,378900,4.039999961853027,-0.012224985053662207
2019-09-03,3.930000066757202,3.700000047683716,3.9000000953674316,3.7799999713897705,240000,3.7799999713897705,-0.06435643389065837
2019-09-04,3.950000047683716,3.6700000762939453,3.9100000858306885,3.680000066757202,155200,3.680000066757202,-0.026455001425780944
2019-09-05,3.809999942779541,3.5899999141693115,3.7300000190734863,3.630000114440918,96200,3.630000114440918,-0.013586943317733136
2019-09-06,3.7690000534057617,3.5299999713897705,3.6500000953674316,3.630000114440918,66800,3.630000114440918,0.0
2019-09-09,3.700000047683716,3.569999933242798,3.630000114440918,3.680000066757202,68200,3.680000066757202,0.013774091112937814
2019-09-10,3.940000057220459,3.619999885559082,3.6700000762939453,3.7200000286102295,107100,3.7200000286102295,0.010869554654186597
2019-09-11,3.8499999046325684,3.628000020980835,3.690000057220459,3.7899999618530273,57600,3.7899999618530273,0.018817186210869252
2019-09-12,3.799999952316284,3.619999885559082,3.700000047683716,3.690000057220459,38300,3.690000057220459,-0.02638519937706696
2019-09-13,3.7699999809265137,3.609999895095825,3.690000057220459,3.6600000858306885,46200,3.6600000858306885,-0.008130073421291018
2019-09-16,3.75,3.5,3.690000057220459,3.5,130000,3.5,-0.0437158694203621
2019-09-17,3.61899995803833,3.299999952316284,3.5,3.299999952316284,119400,3.299999952316284,-0.05714287076677593
2019-09-18,3.4700000286102295,3.009999990463257,3.309999942779541,3.2799999713897705,447600,3.2799999713897705,-0.006060600368335001
2019-09-19,3.318000078201294,3.2200000286102295,3.240000009536743,3.309999942779541,24200,3.309999942779541,0.009146332820563874
2019-09-20,3.299999952316284,3.109999895095825,3.299999952316284,3.140000104904175,144600,3.140000104904175,-0.05135946852392104
2019-09-23,3.25,3.0,3.200000047683716,3.059999942779541,40700,3.059999942779541,-0.025477757787232713
2019-09-24,3.0199999809265137,2.7309999465942383,3.0199999809265137,2.8299999237060547,63900,2.8299999237060547,-0.07516340633149377
2019-09-25,2.819999933242798,2.625,2.809999942779541,2.7300000190734863,51000,2.7300000190734863,-0.03533565629981095
2019-09-26,2.8519999980926514,2.640000104904175,2.7200000286102295,2.799999952316284,60600,2.799999952316284,0.025641001008694042
2019-09-27,2.880000114440918,2.609999895095825,2.805000066757202,2.609999895095825,73400,2.609999895095825,-0.06785716444862167
2019-09-30,2.680000066757202,2.5799999237060547,2.5799999237060547,2.619999885559082,14200,2.619999885559082,0.003831414124593202
2019-10-01,2.6519999504089355,2.5399999618530273,2.619999885559082,2.549999952316284,15000,2.549999952316284,-0.026717532939075084
2019-10-02,2.630000114440918,2.5299999713897705,2.5399999618530273,2.549999952316284,13400,2.549999952316284,0.0
2019-10-03,2.75,2.5209999084472656,2.5999999046325684,2.5899999141693115,13800,2.5899999141693115,0.01568625984353189
2019-10-04,2.6730000972747803,2.5299999713897705,2.5999999046325684,2.5799999237060547,15700,2.5799999237060547,-0.003861000306814355
2019-10-07,2.6700000762939453,2.5199999809265137,2.5299999713897705,2.5399999618530273,10800,2.5399999618530273,-0.015503861641813277
2019-10-08,2.5190000534057617,2.4200000762939453,2.5,2.450000047683716,17700,2.450000047683716,-0.03543303760668293
2019-10-09,2.549999952316284,2.359999895095825,2.450000047683716,2.388000011444092,25300,2.388000011444092,-0.025306136748136088
2019-10-10,2.4100000858306885,2.325000047683716,2.4100000858306885,2.3399999141693115,13300,2.3399999141693115,-0.020100543151066907
2019-10-11,3.009999990463257,2.299999952316284,2.3499999046325684,2.700000047683716,200700,2.700000047683716,0.15384621654663722
2019-10-14,2.819999933242798,2.5399999618530273,2.5399999618530273,2.7799999713897705,169800,2.7799999713897705,0.029629600849335302
2019-10-15,3.3399999141693115,2.6410000324249268,2.700000047683716,2.859999895095825,304500,2.859999895095825,0.028776951269557483
2019-10-16,3.0799999237060547,2.703000068664551,2.7300000190734863,3.0799999237060547,33900,3.0799999237060547,0.07692308974817585
2019-10-17,3.059999942779541,2.7780001163482666,3.0,2.890000104904175,32400,2.890000104904175,-0.061688254385818264
2019-10-18,3.049999952316284,2.813999891281128,2.890000104904175,2.9700000286102295,35300,2.9700000286102295,0.027681633495548752
2019-10-21,3.0199999809265137,2.75,3.0,2.809999942779541,41000,2.809999942779541,-0.05387208225232187
2019-10-22,2.859999895095825,2.7200000286102295,2.808000087738037,2.7899999618530273,5500,2.7899999618530273,-0.007117431079635694
2019-10-23,2.818000078201294,2.5999999046325684,2.7699999809265137,2.7100000381469727,11900,2.7100000381469727,-0.028673808171997717
2019-10-24,2.809999942779541,2.7039999961853027,2.759999990463257,2.7249999046325684,15700,2.7249999046325684,0.005535006005332743
2019-10-25,2.7809998989105225,2.5999999046325684,2.7809998989105225,2.690000057220459,13700,2.690000057220459,-0.012843981151195227
2019-10-28,2.75,2.5999999046325684,2.6700000762939453,2.630000114440918,23100,2.630000114440918,-0.02230481096775072
2019-10-29,2.7200000286102295,2.430000066757202,2.609999895095825,2.5399999618530273,29800,2.5399999618530273,-0.03422058884853807
2019-10-30,2.700000047683716,2.5,2.5399999618530273,2.5,22300,2.5,-0.015748016714081325
2019-10-31,2.609999895095825,2.4000000953674316,2.609999895095825,2.4100000858306885,22700,2.4100000858306885,-0.035999965667724565
2019-11-01,2.4700000286102295,2.380000114440918,2.4100000858306885,2.4600000381469727,7400,2.4600000381469727,0.0207468674421436
2019-11-04,2.7200000286102295,2.4700000286102295,2.559999942779541,2.4700000286102295,9600,2.4700000286102295,0.00406503671064562
2019-11-05,2.549999952316284,2.438999891281128,2.4700000286102295,2.4700000286102295,11400,2.4700000286102295,0.0
2019-11-06,2.5899999141693115,2.3499999046325684,2.5899999141693115,2.4000000953674316,25900,2.4000000953674316,-0.02834005361618719
2019-11-07,2.5799999237060547,2.4000000953674316,2.5799999237060547,2.4000000953674316,9300,2.4000000953674316,0.0
2019-11-08,2.5399999618530273,2.359999895095825,2.5299999713897705,2.440000057220459,13600,2.440000057220459,0.0166666501098216
2019-11-11,2.505000114440918,2.380000114440918,2.4800000190734863,2.4579999446868896,3900,2.4579999446868896,0.007377002887014372
2019-11-12,2.4800000190734863,2.359999895095825,2.4779999256134033,2.359999895095825,3800,2.359999895095825,-0.039869833928555365
2019-11-13,2.5,2.2799999713897705,2.4800000190734863,2.309999942779541,17200,2.309999942779541,-0.021186421414757683
2019-11-14,2.359999895095825,1.7999999523162842,2.3320000171661377,1.7999999523162842,89200,1.7999999523162842,-0.22077922211962997
2019-11-15,2.444000005722046,1.7999999523162842,1.7999999523162842,2.2330000400543213,115800,2.2330000400543213,0.24055561067145703
2019-11-18,2.4609999656677246,1.8200000524520874,2.2699999809265137,1.8200000524520874,29000,1.8200000524520874,-0.18495296918677484
2019-11-19,2.0399999618530273,1.7799999713897705,2.0399999618530273,1.9889999628067017,48600,1.9889999628067017,0.09285709092531103
2019-11-20,2.069000005722046,1.8300000429153442,1.8990000486373901,1.9199999570846558,20200,1.9199999570846558,-0.034690802922227926
2019-11-21,2.1519999504089355,1.850000023841858,1.9800000190734863,1.9500000476837158,27900,1.9500000476837158,0.015625047536257375
2019-11-22,2.3259999752044678,1.9010000228881836,1.9600000381469727,1.9500000476837158,187000,1.9500000476837158,0.0
2019-11-25,1.9500000476837158,1.809999942779541,1.940000057220459,1.909999966621399,29700,1.909999966621399,-0.020512861581634567
2019-11-26,1.9900000095367432,1.8600000143051147,1.8799999952316284,1.9470000267028809,28000,1.9470000267028809,0.019371759543499456
2019-11-27,2.244999885559082,1.9700000286102295,1.9700000286102295,2.0510001182556152,58100,2.0510001182556152,0.053415557332503916
2019-11-29,2.242000102996826,1.9800000190734863,2.0,2.184000015258789,21200,2.184000015258789,0.06484636242551312
2019-12-02,2.259999990463257,2.0199999809265137,2.259999990463257,2.0299999713897705,24800,2.0299999713897705,-0.07051284010672065
2019-12-03,2.0169999599456787,1.899999976158142,1.9600000381469727,1.9900000095367432,13300,1.9900000095367432,-0.019704414983633067
2019-12-04,2.049999952316284,1.940000057220459,2.0299999713897705,2.007999897003174,19900,2.007999897003174,0.009045169537773567
2019-12-05,2.1600000858306885,2.0,2.1600000858306885,2.059999942779541,14600,2.059999942779541,0.025896438467937433
2019-12-06,2.0999999046325684,2.0,2.059999942779541,2.058000087738037,5800,2.058000087738037,-0.0009708034451717529
2019-12-09,2.1600000858306885,1.9900000095367432,1.9900000095367432,2.1500000953674316,18000,2.1500000953674316,0.04470359752535891
2019-12-10,2.309999942779541,2.135999917984009,2.140000104904175,2.309999942779541,23700,2.309999942779541,0.07441853037907231
2019-12-11,2.4600000381469727,2.2219998836517334,2.2839999198913574,2.450000047683716,51400,2.450000047683716,0.06060610752038276
2019-12-12,2.680000066757202,2.4000000953674316,2.4800000190734863,2.4800000190734863,41500,2.4800000190734863,0.012244886043219827
2019-12-13,2.5299999713897705,2.309999942779541,2.4800000190734863,2.4000000953674316,23500,2.4000000953674316,-0.032258033504347416
2019-12-16,2.4790000915527344,2.3010001182556152,2.3010001182556152,2.384999990463257,51800,2.384999990463257,-0.006250043461718424
2019-12-17,2.4049999713897705,2.059999942779541,2.3499999046325684,2.1500000953674316,83200,2.1500000953674316,-0.0985324511679262
2019-12-18,2.2200000286102295,2.0799999237060547,2.180000066757202,2.0799999237060547,127300,2.0799999237060547,-0.03255821793320157
2019-12-19,2.25,2.0799999237060547,2.0799999237060547,2.109999895095825,110200,2.109999895095825,0.014423063697193816
2019-12-20,2.0799999237060547,1.9500000476837158,2.069999933242798,1.9700000286102295,69600,1.9700000286102295,-0.06635065092230141
2019-12-23,2.0,1.9500000476837158,2.0,1.9600000381469727,13500,1.9600000381469727,-0.005076137217272736
2019-12-24,2.1500000953674316,1.8700000047683716,2.1500000953674316,1.899999976158142,34500,1.899999976158142,-0.03061227592911475
2019-12-26,1.9600000381469727,1.8799999952316284,1.9550000429153442,1.9199999570846558,21700,1.9199999570846558,0.01052630588288439
2019-12-27,2.078000068664551,1.8899999856948853,1.8899999856948853,1.9299999475479126,14800,1.9299999475479126,0.005208328482694924
2019-12-30,2.0399999618530273,1.8799999952316284,2.0399999618530273,1.9700000286102295,18100,1.9700000286102295,0.020725431165496966
2019-12-31,2.0199999809265137,1.8799999952316284,1.9199999570846558,1.9500000476837158,19700,1.9500000476837158,-0.010152274434545583
2020-01-02,2.130000114440918,1.8899999856948853,1.8899999856948853,2.109999895095825,36300,2.109999895095825,0.0820512017946684
2020-01-03,2.140000104904175,1.9700000286102295,2.0999999046325684,2.140000104904175,8800,2.140000104904175,0.014218109620800279
2020-01-06,2.240000009536743,2.0899999141693115,2.240000009536743,2.119999885559082,15000,2.119999885559082,-0.009345896432088385
2020-01-07,2.109999895095825,2.0350000858306885,2.049999952316284,2.049999952316284,95100,2.049999952316284,-0.03301883821769058
2020-01-08,2.117000102996826,2.003999948501587,2.0999999046325684,2.0989999771118164,25500,2.0989999771118164,0.023902451675751113
2020-01-09,2.0999999046325684,1.8600000143051147,1.9800000190734863,2.0299999713897705,83200,2.0299999713897705,-0.03287279965433276
2020-01-10,2.240000009536743,1.9900000095367432,1.9900000095367432,2.0899999141693115,32100,2.0899999141693115,0.029556622475449545
2020-01-13,2.130000114440918,1.9600000381469727,2.069999933242798,2.130000114440918,19300,2.130000114440918,0.01913885259057757
2020-01-14,2.0950000286102295,1.9900000095367432,2.049999952316284,2.0799999237060547,20700,2.0799999237060547,-0.02347426668941155
2020-01-15,2.125,2.009999990463257,2.009999990463257,2.0199999809265137,5100,2.0199999809265137,-0.02884612739438741
2020-01-16,2.0999999046325684,2.009999990463257,2.0799999237060547,2.0439999103546143,10300,2.0439999103546143,0.011881153294413638
2020-01-17,2.9489998817443848,2.005000114440918,2.049999952316284,2.3499999046325684,589100,2.3499999046325684,0.14970646169199986
2020-01-21,2.450000047683716,2.049999952316284,2.309999942779541,2.3399999141693115,61500,2.3399999141693115,-0.0042553152634362545
2020-01-22,2.3499999046325684,2.1600000858306885,2.3399999141693115,2.2149999141693115,25500,2.2149999141693115,-0.053418805378193546
2020-01-23,2.2899999618530273,2.0999999046325684,2.2899999618530273,2.200000047683716,14800,2.200000047683716,-0.00677194901437328
2020-01-24,2.2200000286102295,2.0,2.119999885559082,2.009999990463257,35900,2.009999990463257,-0.08636366050105393
2020-01-27,2.0889999866485596,1.8890000581741333,1.940000057220459,1.9900000095367432,181800,1.9900000095367432,-0.009950239314132636
2020-01-28,2.0899999141693115,1.9900000095367432,2.0,2.065000057220459,13100,2.065000057220459,0.037688465992105735
2020-01-29,2.125,1.9620000123977661,2.109999895095825,2.0399999618530273,12200,2.0399999618530273,-0.012106583377572533
2020-01-30,2.071000099182129,1.9600000381469727,1.9600000381469727,2.071000099182129,2900,2.071000099182129,0.01519614603371977
2020-01-31,2.0859999656677246,1.9670000076293945,1.9850000143051147,2.0190000534057617,9300,2.0190000534057617,-0.025108664068583475
2020-02-03,2.0199999809265137,1.8799999952316284,1.9700000286102295,1.9900000095367432,10100,1.9900000095367432,-0.014363567658207677
2020-02-04,2.0199999809265137,1.9500000476837158,1.9700000286102295,2.003000020980835,25100,2.003000020980835,0.0065326690360760775
2020-02-05,2.0799999237060547,1.899999976158142,1.899999976158142,2.0299999713897705,41200,2.0299999713897705,0.013479755429914642
2020-02-06,2.0439999103546143,1.909999966621399,1.965999960899353,1.9299999475479126,3900,1.9299999475479126,-0.049261096182871555
2020-02-07,2.062999963760376,1.899999976158142,1.9600000381469727,1.899999976158142,8000,1.899999976158142,-0.015544027049267939
2020-02-10,1.9809999465942383,1.86899995803833,1.9500000476837158,1.8899999856948853,22500,1.8899999856948853,-0.005263152941442195
2020-02-11,1.9630000591278076,1.8899999856948853,1.9299999475479126,1.9500000476837158,14900,1.9500000476837158,0.03174606478463571
2020-02-12,2.0179998874664307,1.850000023841858,2.0179998874664307,1.9299999475479126,13700,1.9299999475479126,-0.010256461357301072
2020-02-13,1.9630000591278076,1.850000023841858,1.9190000295639038,1.8700000047683716,11900,1.8700000047683716,-0.031088054098535878
2020-02-14,1.9299999475479126,1.8200000524520874,1.8799999952316284,1.9299999475479126,16100,1.9299999475479126,0.03208553081633436
2020-02-18,1.9520000219345093,1.847000002861023,1.847000002861023,1.8860000371932983,4200,1.8860000371932983,-0.022797881632337202
2020-02-19,1.9299999475479126,1.8200000524520874,1.9279999732971191,1.8849999904632568,20800,1.8849999904632568,-0.0005302474604028662
2020-02-20,1.9199999570846558,1.850000023841858,1.909999966621399,1.8609999418258667,15500,1.8609999418258667,-0.01273212135746049
2020-02-21,1.940000057220459,1.840000033378601,1.940000057220459,1.840000033378601,15100,1.840000033378601,-0.011284206933753094
2020-02-24,1.8609999418258667,1.600000023841858,1.8300000429153442,1.6990000009536743,31700,1.6990000009536743,-0.07663045101473343
2020-02-25,1.809999942779541,1.659999966621399,1.7200000286102295,1.6699999570846558,33100,1.6699999570846558,-0.017068889848581792
2020-02-26,1.7410000562667847,1.600000023841858,1.7410000562667847,1.600000023841858,14800,1.600000023841858,-0.04191612876745088
2020-02-27,1.6330000162124634,1.5199999809265137,1.600000023841858,1.6330000162124634,11200,1.6330000162124634,0.02062499492429204
2020-02-28,1.5800000429153442,1.340000033378601,1.340000033378601,1.5,12300,1.5,-0.08144520201594363
2020-03-02,1.6490000486373901,1.350000023841858,1.350000023841858,1.5,6000,1.5,0.0
2020-03-03,1.565000057220459,1.2680000066757202,1.4299999475479126,1.309999942779541,57100,1.309999942779541,-0.12666670481363929
2020-03-04,1.3600000143051147,1.2999999523162842,1.343000054359436,1.3300000429153442,12200,1.3300000429153442,0.015267252678933252
2020-03-05,1.4600000381469727,1.2999999523162842,1.3899999856948853,1.340000033378601,22300,1.340000033378601,0.007518789579387564
2020-03-06,1.340000033378601,1.2200000286102295,1.2970000505447388,1.2699999809265137,10800,1.2699999809265137,-0.05223884381225963
2020-03-09,1.350000023841858,1.0140000581741333,1.3300000429153442,1.1200000047683716,53900,1.1200000047683716,-0.11811021922119347
2020-03-10,1.2139999866485596,1.0499999523162842,1.0800000429153442,1.100000023841858,22800,1.100000023841858,-0.017857125751218117
2020-03-11,1.1330000162124634,1.0199999809265137,1.1330000162124634,1.065000057220459,12000,1.065000057220459,-0.03181815078435912
2020-03-12,1.0499999523162842,0.7269999980926514,1.0499999523162842,0.7300000190734863,23900,0.7300000190734863,-0.3145540095286834
2020-03-13,0.9200000166893005,0.7300000190734863,0.9200000166893005,0.7350000143051147,24200,0.7350000143051147,0.006849308357518069
2020-03-16,0.7720000147819519,0.6399999856948853,0.7720000147819519,0.7360000014305115,59100,0.7360000014305115,0.0013605266747405143
2020-03-17,0.878000020980835,0.800000011920929,0.878000020980835,0.8600000143051147,20400,0.8600000143051147,0.16847827803477333
2020-03-18,0.699999988079071,0.699999988079071,0.699999988079071,0.699999988079071,400,0.699999988079071,-0.18604653902863555
2020-03-19,0.8600000143051147,0.699999988079071,0.8600000143051147,0.75,6400,0.75,0.07142858967489163
2020-03-20,0.8700000047683716,0.7519999742507935,0.8500000238418579,0.7599999904632568,8600,0.7599999904632568,0.013333320617675781
2020-03-23,0.7979999780654907,0.699999988079071,0.7979999780654907,0.7799999713897705,3400,0.7799999713897705,0.026315764707210976
2020-03-24,0.8700000047683716,0.7929999828338623,0.8700000047683716,0.7929999828338623,5400,0.7929999828338623,0.0166666819499095
2020-03-25,0.8299999833106995,0.75,0.8199999928474426,0.8100000023841858,19800,0.8100000023841858,0.0214376039323132
2020-03-26,1.0499999523162842,0.7200000286102295,0.7200000286102295,0.9290000200271606,13400,0.9290000200271606,0.1469136015959327
2020-03-27,0.9750000238418579,0.7099999785423279,0.9750000238418579,0.8389999866485596,8100,0.8389999866485596,-0.09687839767319895
2020-03-30,0.8899999856948853,0.8069999814033508,0.8069999814033508,0.875,5700,0.875,0.04290824067261889
2020-03-31,1.1699999570846558,0.9100000262260437,0.9190000295639038,0.9700000286102295,92900,0.9700000286102295,0.10857146126883377
2020-04-01,0.9900000095367432,0.8109999895095825,0.8690000176429749,0.9200000166893005,14600,0.9200000166893005,-0.051546402521829404
2020-04-02,0.9200000166893005,0.8500000238418579,0.8500000238418579,0.9120000004768372,8500,0.9120000004768372,-0.008695669638411618
2020-04-03,0.9100000262260437,0.800000011920929,0.8700000047683716,0.8399999737739563,8800,0.8399999737739563,-0.07894739765924974
2020-04-06,0.8820000290870667,0.8399999737739563,0.8820000290870667,0.8600000143051147,3400,0.8600000143051147,0.023809572804273094
2020-04-07,0.9399999976158142,0.8220000267028809,0.8799999952316284,0.8399999737739563,16900,0.8399999737739563,-0.023255860695907793
2020-04-08,0.9200000166893005,0.8790000081062317,0.8820000290870667,0.8999999761581421,4800,0.8999999761581421,0.07142857649699375
2020-04-09,0.8999999761581421,0.8500000238418579,0.8500000238418579,0.8600000143051147,22700,0.8600000143051147,-0.04444440323629384
2020-04-13,0.9369999766349792,0.8500000238418579,0.8500000238418579,0.9300000071525574,11600,0.9300000071525574,0.08139533916636399
2020-04-14,1.0199999809265137,0.9300000071525574,0.9300000071525574,1.0199999809265137,20800,1.0199999809265137,0.09677416460405763
2020-04-15,1.1799999475479126,1.0,1.0,1.059999942779541,56700,1.059999942779541,0.03921564960882984
2020-04-16,1.440000057220459,1.0099999904632568,1.0099999904632568,1.309999942779541,156700,1.309999942779541,0.2358490693352755
2020-04-17,1.600000023841858,1.2400000095367432,1.4500000476837158,1.2999999523162842,64700,1.2999999523162842,-0.007633580839735754
2020-04-20,1.350000023841858,1.190000057220459,1.350000023841858,1.2799999713897705,14500,1.2799999713897705,-0.015384601277006582
2020-04-21,1.2699999809265137,1.100000023841858,1.1419999599456787,1.1749999523162842,22700,1.1749999523162842,-0.08203126673470285
2020-04-22,1.190000057220459,1.0299999713897705,1.190000057220459,1.1200000047683716,8100,1.1200000047683716,-0.046808467897799355
2020-04-23,1.1699999570846558,1.0700000524520874,1.1699999570846558,1.100000023841858,6200,1.100000023841858,-0.017857125751218117
2020-04-24,1.149999976158142,1.0449999570846558,1.149999976158142,1.059999942779541,8600,1.059999942779541,-0.03636370926848953
2020-04-27,1.100000023841858,0.9760000109672546,1.100000023841858,1.059999942779541,19300,1.059999942779541,0.0
2020-04-28,1.0700000524520874,1.0299999713897705,1.0520000457763672,1.0499999523162842,9200,1.0499999523162842,-0.00943395377648304
2020-04-29,1.059999942779541,0.9800000190734863,1.0299999713897705,1.059999942779541,10400,1.059999942779541,0.00952380087370197
2020-04-30,1.090000033378601,0.9649999737739563,1.0499999523162842,1.0199999809265137,16100,1.0199999809265137,-0.03773581510593205
2020-05-01,1.0199999809265137,0.949999988079071,1.0199999809265137,0.949999988079071,24500,0.949999988079071,-0.06862744525137965
2020-05-04,1.0199999809265137,0.9200000166893005,1.0199999809265137,1.0099999904632568,5700,1.0099999904632568,0.0631578980390386
2020-05-05,1.0099999904632568,0.9319999814033508,1.0099999904632568,0.984000027179718,5500,0.984000027179718,-0.02574253814756311
2020-05-06,1.0950000286102295,0.9509999752044678,0.9900000095367432,1.055999994277954,37100,1.055999994277954,0.0731706962494687
2020-05-07,1.100000023841858,0.9700000286102295,1.100000023841858,1.0099999904632568,3400,1.0099999904632568,-0.04356060990904642
2020-05-08,1.409999966621399,1.0099999904632568,1.1299999952316284,1.2899999618530273,99600,1.2899999618530273,0.2772276970629899
2020-05-11,1.3600000143051147,1.1399999856948853,1.2599999904632568,1.2380000352859497,23800,1.2380000352859497,-0.04031002178665344
2020-05-12,1.309999942779541,1.0499999523162842,1.309999942779541,1.1790000200271606,6300,1.1790000200271606,-0.04765752308331839
2020-05-13,1.159999966621399,1.093000054359436,1.093000054359436,1.1299999952316284,6700,1.1299999952316284,-0.041560664939092495
2020-05-14,1.1299999952316284,1.100000023841858,1.100000023841858,1.1299999952316284,3200,1.1299999952316284,0.0
2020-05-15,1.1799999475479126,1.0870000123977661,1.1299999952316284,1.1100000143051147,2600,1.1100000143051147,-0.017699098239742916
2020-05-18,1.2000000476837158,1.090000033378601,1.090000033378601,1.149999976158142,7500,1.149999976158142,0.036036001204980295
2020-05-19,1.190000057220459,0.9419999718666077,1.1100000143051147,1.1699999570846558,22800,1.1699999570846558,0.01739128812274293
2020-05-20,1.2400000095367432,1.159999966621399,1.2400000095367432,1.159999966621399,15400,1.159999966621399,-0.008547000709448138
2020-05-21,1.1799999475479126,1.065000057220459,1.100000023841858,1.1299999952316284,38900,1.1299999952316284,-0.02586204504569778
2020-05-22,1.1200000047683716,1.0499999523162842,1.100000023841858,1.100000023841858,31300,1.100000023841858,-0.026548647359614486
2020-05-26,2.9000000953674316,1.8600000143051147,2.700000047683716,2.049999952316284,17561200,2.049999952316284,0.8636362798943025
2020-05-27,2.0999999046325684,1.75,1.940000057220459,2.0,1158800,2.0,-0.02439022120941492
2020-05-28,2.125999927520752,1.8200000524520874,1.8200000524520874,2.0160000324249268,827500,2.0160000324249268,0.008000016212463379
2020-05-29,2.369999885559082,1.9800000190734863,2.25,2.130000114440918,373200,2.130000114440918,0.05654765882065349
2020-06-01,2.240000009536743,2.0,2.109999895095825,2.1500000953674316,182500,2.1500000953674316,0.009389661902325042
2020-06-02,2.9000000953674316,2.0799999237060547,2.0799999237060547,2.8499999046325684,910900,2.8499999046325684,0.3255812921931558
2020-06-03,3.569999933242798,2.6510000228881836,2.6600000858306885,3.2699999809265137,498100,3.2699999809265137,0.14736845275371802
2020-06-04,3.4119999408721924,2.8499999046325684,3.380000114440918,3.0399999618530273,243500,3.0399999618530273,-0.07033639768044242
2020-06-05,4.5,2.930000066757202,3.049999952316284,4.489999771118164,676400,4.489999771118164,0.4769736274540253
2020-06-08,6.243000030517578,4.510000228881836,4.579999923706055,5.949999809265137,362600,5.949999809265137,0.3251670629335872
2020-06-09,7.699999809265137,5.0,5.559999942779541,6.699999809265137,505900,6.699999809265137,0.12605042420877477
2020-06-10,7.099999904632568,2.5999999046325684,7.0,2.890000104904175,14836500,2.890000104904175,-0.568656688481137
2020-06-11,2.490000009536743,2.190000057220459,2.369999885559082,2.319999933242798,1860000,2.319999933242798,-0.19723188614911025
2020-06-12,2.559999942779541,2.0199999809265137,2.4000000953674316,2.0899999141693115,1140300,2.0899999141693115,-0.09913794210847326
2020-06-15,2.0999999046325684,1.7000000476837158,2.0799999237060547,1.8700000047683716,1836000,1.8700000047683716,-0.10526311886877793
2020-06-16,1.9500000476837158,1.8200000524520874,1.8700000047683716,1.850000023841858,683900,1.850000023841858,-0.010695176938778084
2020-06-17,1.8200000524520874,1.649999976158142,1.8200000524520874,1.7200000286102295,815700,1.7200000286102295,-0.07027026678716475
2020-06-18,1.899999976158142,1.6200000047683716,1.7000000476837158,1.7000000476837158,849800,1.7000000476837158,-0.011627895694091173
2020-06-19,1.7400000095367432,1.5950000286102295,1.7100000381469727,1.6200000047683716,515000,1.6200000047683716,-0.04705884745376676
2020-06-22,1.590000033378601,1.3300000429153442,1.5199999809265137,1.4299999475479126,959600,1.4299999475479126,-0.11728398559333664
2020-06-23,1.4190000295639038,1.309999942779541,1.350000023841858,1.350000023841858,366500,1.350000023841858,-0.05594400464366045
2020-06-24,1.7300000190734863,1.2050000429153442,1.3200000524520874,1.690000057220459,7316400,1.690000057220459,0.2518518721288774
2020-06-25,1.809999942779541,1.440000057220459,1.7999999523162842,1.4700000286102295,2073600,1.4700000286102295,-0.13017752731444476
2020-06-26,1.6699999570846558,1.2699999809265137,1.399999976158142,1.399999976158142,1900000,1.399999976158142,-0.04761908237394186
2020-06-29,1.4700000286102295,1.2000000476837158,1.4199999570846558,1.399999976158142,1298200,1.399999976158142,0.0
2020-06-30,1.4199999570846558,1.3200000524520874,1.4199999570846558,1.350000023841858,489400,1.350000023841858,-0.035714252262698754
2020-07-01,1.4199999570846558,1.309999942779541,1.3300000429153442,1.340000033378601,1027900,1.340000033378601,-0.00740740021233377
2020-07-02,1.440000057220459,1.309999942779541,1.340000033378601,1.350000023841858,644700,1.350000023841858,0.007462679264300887
2020-07-06,1.7000000476837158,1.3200000524520874,1.5499999523162842,1.409999966621399,3280900,1.409999966621399,0.04444440127400284
2020-07-07,1.3899999856948853,1.3200000524520874,1.3600000143051147,1.3700000047683716,544000,1.3700000047683716,-0.028368767943217854
2020-07-08,1.4199999570846558,1.309999942779541,1.409999966621399,1.340000033378601,730400,1.340000033378601,-0.02189778925938224
2020-07-09,1.3600000143051147,1.2999999523162842,1.3600000143051147,1.340000033378601,290900,1.340000033378601,0.0
2020-07-10,1.3700000047683716,1.25,1.3300000429153442,1.350000023841858,329700,1.350000023841858,0.007462679264300887
2020-07-13,1.4199999570846558,1.2999999523162842,1.350000023841858,1.3200000524520874,402600,1.3200000524520874,-0.02222220063700142
2020-07-14,1.3200000524520874,1.2000000476837158,1.3200000524520874,1.2400000095367432,573600,1.2400000095367432,-0.06060609070941536
2020-07-15,1.2999999523162842,1.1799999475479126,1.2200000286102295,1.2699999809265137,1046600,1.2699999809265137,0.024193525128260562
2020-07-16,1.3899999856948853,1.2799999713897705,1.3899999856948853,1.309999942779541,729500,1.309999942779541,0.03149603342816265
2020-07-17,1.309999942779541,1.2430000305175781,1.2899999618530273,1.2799999713897705,459200,1.2799999713897705,-0.022900742519207262
2020-07-20,1.309999942779541,1.25,1.2899999618530273,1.2899999618530273,418900,1.2899999618530273,0.007812492724042164
2020-07-21,1.5,1.2999999523162842,1.3209999799728394,1.350000023841858,1221100,1.350000023841858,0.04651167733574435
2020-07-22,1.5399999618530273,1.2899999618530273,1.3200000524520874,1.4800000190734863,2139400,1.4800000190734863,0.09629629106351545
2020-07-23,1.6200000047683716,1.3799999952316284,1.5099999904632568,1.4259999990463257,1759500,1.4259999990463257,-0.03648649954813232
2020-07-24,1.4149999618530273,1.2999999523162842,1.3899999856948853,1.3899999856948853,410100,1.3899999856948853,-0.025245451174976452
2020-07-27,1.3980000019073486,1.315000057220459,1.3899999856948853,1.3300000429153442,358200,1.3300000429153442,-0.043165426904336224
2020-07-28,1.350000023841858,1.2599999904632568,1.309999942779541,1.2999999523162842,325700,1.2999999523162842,-0.02255645836920439
2020-07-29,1.399999976158142,1.2999999523162842,1.340000033378601,1.340000033378601,498700,1.340000033378601,0.03076929425347008
2020-07-30,1.3799999952316284,1.2599999904632568,1.2999999523162842,1.340000033378601,348100,1.340000033378601,0.0
2020-07-31,1.340000033378601,1.2599999904632568,1.3200000524520874,1.2899999618530273,168500,1.2899999618530273,-0.03731348528365808
2020-08-03,1.3799999952316284,1.2899999618530273,1.2899999618530273,1.3700000047683716,429800,1.3700000047683716,0.06201553897755763
2020-08-04,1.3730000257492065,1.309999942779541,1.350000023841858,1.3300000429153442,223500,1.3300000429153442,-0.029197052345843022
2020-08-05,1.3600000143051147,1.2999999523162842,1.3300000429153442,1.340000033378601,181400,1.340000033378601,0.007518789579387564
2020-08-06,1.3350000381469727,1.2799999713897705,1.3200000524520874,1.3200000524520874,165200,1.3200000524520874,-0.014925358528601551
2020-08-07,1.3200000524520874,1.2599999904632568,1.3200000524520874,1.2899999618530273,236800,1.2899999618530273,-0.022727340459820944
2020-08-10,1.3300000429153442,1.2699999809265137,1.2799999713897705,1.2999999523162842,549300,1.2999999523162842,0.007751930820906638
2020-08-11,1.3799999952316284,1.25,1.3700000047683716,1.2699999809265137,631400,1.2699999809265137,-0.02307690191550993
2020-08-12,1.2899999618530273,1.2599999904632568,1.2699999809265137,1.2899999618530273,233200,1.2899999618530273,0.015748016714081325
2020-08-13,1.2990000247955322,1.2400000095367432,1.2799999713897705,1.2699999809265137,260600,1.2699999809265137,-0.015503861641813277
2020-08-14,1.2799999713897705,1.25,1.2599999904632568,1.25,217900,1.25,-0.015748016714081325
2020-08-17,1.2690000534057617,1.1699999570846558,1.2599999904632568,1.190000057220459,393000,1.190000057220459,-0.04799995422363279
2020-08-18,1.1799999475479126,1.1299999952316284,1.1799999475479126,1.159999966621399,249900,1.159999966621399,-0.025210158955061512
2020-08-19,1.1640000343322754,1.0399999618530273,1.1399999856948853,1.0499999523162842,572700,1.0499999523162842,-0.09482760126752365
2020-08-20,1.0499999523162842,1.0199999809265137,1.0299999713897705,1.0199999809265137,268300,1.0199999809265137,-0.028571402621105912
2020-08-21,1.0449999570846558,0.9290000200271606,1.0,0.949999988079071,494000,0.949999988079071,-0.06862744525137965
2020-08-24,1.0700000524520874,0.949999988079071,0.9700000286102295,0.9750000238418579,360000,0.9750000238418579,0.02631582744894323
2020-08-25,1.0199999809265137,0.9599999785423279,0.9800000190734863,1.0049999952316284,166600,1.0049999952316284,0.030769200673000707
2020-08-26,1.0299999713897705,0.9900000095367432,1.0199999809265137,1.0099999904632568,116100,1.0099999904632568,0.004975119657066207
2020-08-27,1.0329999923706055,0.9520000219345093,0.9900000095367432,0.9649999737739563,181000,0.9649999737739563,-0.04455447239030208
2020-08-28,1.0099999904632568,0.949999988079071,1.0099999904632568,0.9800000190734863,151100,0.9800000190734863,0.015544088815740986
2020-08-31,0.9900000095367432,0.9200000166893005,0.9610000252723694,0.9300000071525574,129400,0.9300000071525574,-0.051020419334481315
2020-09-01,0.9599999785423279,0.8930000066757202,0.9200000166893005,0.902999997138977,116300,0.902999997138977,-0.029032268608521927
2020-09-02,0.9070000052452087,0.8349999785423279,0.8999999761581421,0.8669999837875366,199600,0.8669999837875366,-0.03986712454651298
2020-09-03,0.8700000047683716,0.800000011920929,0.8500000238418579,0.8299999833106995,136700,0.8299999833106995,-0.04267589523496951
2020-09-04,0.828000009059906,0.6899999976158142,0.800000011920929,0.7680000066757202,375800,0.7680000066757202,-0.07469876853210777
2020-09-08,0.8100000023841858,0.7369999885559082,0.75,0.8100000023841858,90700,0.8100000023841858,0.054687493936702136
2020-09-09,0.8100000023841858,0.7519999742507935,0.800000011920929,0.800000011920929,74200,0.800000011920929,-0.012345667202249944
2020-09-10,0.8500000238418579,0.7889999747276306,0.800000011920929,0.8389999866485596,211400,0.8389999866485596,0.04874996768310713
2020-09-11,0.8700000047683716,0.8389999866485596,0.8410000205039978,0.8500000238418579,142800,0.8500000238418579,0.013110890784681306
2020-09-14,0.8899999856948853,0.8500000238418579,0.8500000238418579,0.8880000114440918,88000,0.8880000114440918,0.044705866513368164
2020-09-15,0.9399999976158142,0.8870000243186951,0.8870000243186951,0.9160000085830688,123400,0.9160000085830688,0.03153152790329661
2020-09-16,0.9649999737739563,0.9010000228881836,0.9169999957084656,0.9520000219345093,91700,0.9520000219345093,0.039301324251216574
2020-09-17,1.0399999618530273,0.8700000047683716,0.9200000166893005,1.0199999809265137,251400,1.0199999809265137,0.07142852670720035
2020-09-18,1.0299999713897705,0.9520000219345093,1.0299999713897705,0.9750000238418579,71700,0.9750000238418579,-0.044117605809933624
2020-09-21,1.0,0.9200000166893005,0.9580000042915344,0.9399999976158142,68100,0.9399999976158142,-0.03589746191813492
2020-09-22,0.9679999947547913,0.8999999761581421,0.9399999976158142,0.949999988079071,36200,0.949999988079071,0.01063828775385156
2020-09-23,0.9660000205039978,0.8700000047683716,0.949999988079071,0.8769999742507935,79300,0.8769999742507935,-0.07684212078348107
2020-09-24,0.8980000019073486,0.800000011920929,0.8399999737739563,0.8600000143051147,110900,0.8600000143051147,-0.019384219435355732
2020-09-25,0.9470000267028809,0.8600000143051147,0.8899999856948853,0.9300000071525574,126100,0.9300000071525574,0.08139533916636399
2020-09-28,0.9449999928474426,0.8539999723434448,0.9449999928474426,0.8949999809265137,86800,0.8949999809265137,-0.037634436512754
2020-09-29,0.9200000166893005,0.8399999737739563,0.8830000162124634,0.8899999856948853,34000,0.8899999856948853,-0.00558658697003811
2020-09-30,1.0199999809265137,0.8999999761581421,0.9049999713897705,0.9399999976158142,169300,0.9399999976158142,0.05617978957818792
2020-10-01,1.100000023841858,0.9150000214576721,0.9369999766349792,1.0299999713897705,889500,1.0299999713897705,0.09574465319386105
2020-10-02,1.0,0.8600000143051147,1.0,0.9390000104904175,198400,0.9390000104904175,-0.08834947905539015
2020-10-05,0.9700000286102295,0.9129999876022339,0.9700000286102295,0.9340000152587891,91300,0.9340000152587891,-0.0053248084938966045
2020-10-06,0.9570000171661377,0.8999999761581421,0.9300000071525574,0.9350000023841858,91700,0.9350000023841858,0.0010706500097001914
2020-10-07,0.9350000023841858,0.8700000047683716,0.9350000023841858,0.9089999794960022,62500,0.9089999794960022,-0.02780751103944956
2020-10-08,0.9480000138282776,0.8820000290870667,0.9169999957084656,0.9200000166893005,57200,0.9200000166893005,0.012101251310695726
2020-10-09,0.9480000138282776,0.8899999856948853,0.9200000166893005,0.8989999890327454,37800,0.8989999890327454,-0.022826116603916535
2020-10-12,0.9800000190734863,0.8899999856948853,0.8999999761581421,0.9240000247955322,132700,0.9240000247955322,0.02780871642688787
2020-10-13,1.1699999570846558,0.902999997138977,0.9300000071525574,0.9779999852180481,859900,0.9779999852180481,0.058441514040505904
2020-10-14,1.399999976158142,1.0,1.0,1.340000033378601,6318100,1.340000033378601,0.3701432041226913
2020-10-15,2.069999933242798,1.100000023841858,1.2699999809265137,1.1299999952316284,40641900,1.1299999952316284,-0.15671644247462468
2020-10-16,1.4900000095367432,1.149999976158142,1.3200000524520874,1.2200000286102295,6405200,1.2200000286102295,0.07964604757379035
2020-10-19,1.2999999523162842,1.059999942779541,1.1299999952316284,1.2000000476837158,2135900,1.2000000476837158,-0.01639342660450327
2020-10-20,1.440000057220459,1.1200000047683716,1.25,1.2100000381469727,5096100,1.2100000381469727,0.00833332505491069
2020-10-21,1.3200000524520874,1.1950000524520874,1.2170000076293945,1.2000000476837158,1334400,1.2000000476837158,-0.00826445466776271
2020-10-22,1.25,1.1299999952316284,1.190000057220459,1.159999966621399,784300,1.159999966621399,-0.033333399560713795
2020-10-23,1.159999966621399,1.0499999523162842,1.159999966621399,1.0700000524520874,1129800,1.0700000524520874,-0.07758613513709323
2020-10-26,1.0700000524520874,1.0099999904632568,1.059999942779541,1.0299999713897705,330300,1.0299999713897705,-0.037383251496717174
2020-10-27,1.0499999523162842,0.9599999785423279,1.0099999904632568,1.0099999904632568,393400,1.0099999904632568,-0.019417457749564604
2020-10-28,1.0099999904632568,0.9399999976158142,0.9879999756813049,0.9670000076293945,323600,0.9670000076293945,-0.042574240831566246
2020-10-29,0.9800000190734863,0.9129999876022339,0.9480000138282776,0.9150000214576721,177600,0.9150000214576721,-0.05377454577192886
2020-10-30,0.9440000057220459,0.8429999947547913,0.9100000262260437,0.8600000143051147,292000,0.8600000143051147,-0.060109296024865366
2020-11-02,0.9290000200271606,0.8809999823570251,0.8849999904632568,0.9100000262260437,173500,0.9100000262260437,0.05813954777818142
2020-11-03,0.9800000190734863,0.8700000047683716,0.9200000166893005,0.949999988079071,131100,0.949999988079071,0.04395600076948947
2020-11-04,0.9629999995231628,0.9020000100135803,0.9580000042915344,0.9200000166893005,55100,0.9200000166893005,-0.03157891764865317
2020-11-05,1.0399999618530273,0.8999999761581421,0.9290000200271606,0.9739999771118164,704600,0.9739999771118164,0.058695608090138185
2020-11-06,1.0119999647140503,0.9599999785423279,1.0099999904632568,0.9700000286102295,148200,0.9700000286102295,-0.004106723404088686
2020-11-09,1.059999942779541,0.9700000286102295,1.0099999904632568,1.0,397500,1.0,0.03092780464424627
2020-11-10,1.055999994277954,0.9810000061988831,1.0299999713897705,1.0,458200,1.0,0.0
2020-11-11,1.0499999523162842,0.9900000095367432,1.0329999923706055,1.0049999952316284,232300,1.0049999952316284,0.004999995231628418
2020-11-12,1.0800000429153442,1.0099999904632568,1.0099999904632568,1.0399999618530273,419200,1.0399999618530273,0.034825837599464116
2020-11-13,1.0549999475479126,1.0,1.0499999523162842,1.0299999713897705,218600,1.0299999713897705,-0.0096153757981291
2020-11-16,1.0399999618530273,1.0,1.0299999713897705,1.0199999809265137,111500,1.0199999809265137,-0.009708728874782357
2020-11-17,1.1299999952316284,1.0099999904632568,1.0499999523162842,1.090000033378601,730800,1.090000033378601,0.06862750368730697
2020-11-18,1.1799999475479126,1.059999942779541,1.1299999952316284,1.0750000476837158,579000,1.0750000476837158,-0.013761454344538682
2020-11-19,1.090000033378601,1.0299999713897705,1.090000033378601,1.059999942779541,235500,1.059999942779541,-0.013953585338433494
2020-11-20,1.090000033378601,1.0399999618530273,1.090000033378601,1.0499999523162842,236900,1.0499999523162842,-0.00943395377648304
2020-11-23,1.1299999952316284,1.0499999523162842,1.0800000429153442,1.0809999704360962,506100,1.0809999704360962,0.029523828121540863
2020-11-24,1.2400000095367432,1.0800000429153442,1.1299999952316284,1.2000000476837158,1327100,1.2000000476837158,0.11008333071425769
2020-11-25,2.7699999809265137,2.0,2.4800000190734863,2.009999990463257,142220700,2.009999990463257,0.674999925494197
2020-11-27,2.0999999046325684,1.7999999523162842,1.9500000476837158,2.0999999046325684,4649500,2.0999999046325684,0.04477607691359675
2020-11-30,2.0799999237060547,1.6139999628067017,2.059999942779541,1.7699999809265137,2553600,1.7699999809265137,-0.15714282794874412
2020-12-01,1.7100000381469727,1.440000057220459,1.649999976158142,1.4500000476837158,1247800,1.4500000476837158,-0.18079092468424351
2020-12-02,2.25,1.4079999923706055,1.4079999923706055,1.6799999475479126,5598400,1.6799999475479126,0.15862061537970784
2020-12-03,1.7380000352859497,1.5499999523162842,1.7380000352859497,1.7000000476837158,839700,1.7000000476837158,0.011904821881092875
2020-12-04,1.7400000095367432,1.600000023841858,1.6799999475479126,1.6100000143051147,484600,1.6100000143051147,-0.05294119462009894
2020-12-07,1.659999966621399,1.5099999904632568,1.6299999952316284,1.5499999523162842,466900,1.5499999523162842,-0.0372671189165964
2020-12-08,1.6399999856948853,1.5299999713897705,1.5499999523162842,1.5800000429153442,303900,1.5800000429153442,0.01935489775611199
2020-12-09,1.6299999952316284,1.399999976158142,1.6299999952316284,1.4600000381469727,565700,1.4600000381469727,-0.07594936804365715
2020-12-10,1.4900000095367432,1.409999966621399,1.4500000476837158,1.4299999475479126,256600,1.4299999475479126,-0.02054800672275059
2020-12-11,1.4600000381469727,1.3700000047683716,1.4299999475479126,1.4199999570846558,297400,1.4199999570846558,-0.006993000580457598
2020-12-14,1.5,1.375,1.409999966621399,1.3899999856948853,262100,1.3899999856948853,-0.021126741053825282
2020-12-15,1.4140000343322754,1.309000015258789,1.409999966621399,1.3600000143051147,240000,1.3600000143051147,-0.021582713452168112
2020-12-16,1.590000033378601,1.3600000143051147,1.3899999856948853,1.5199999809265137,1070800,1.5199999809265137,0.11764703304297397
2020-12-17,1.6799999475479126,1.4900000095367432,1.600000023841858,1.600000023841858,999100,1.600000023841858,0.05263160784158716
2020-12-18,1.6299999952316284,1.5099999904632568,1.6299999952316284,1.5800000429153442,345600,1.5800000429153442,-0.012499987892806708
2020-12-21,1.659999966621399,1.5299999713897705,1.590000033378601,1.559999942779541,474400,1.559999942779541,-0.01265829088137238
2020-12-22,1.6699999570846558,1.5399999618530273,1.5399999618530273,1.649999976158142,512400,1.649999976158142,0.057692331204988845
2020-12-23,1.6749999523162842,1.600000023841858,1.6399999856948853,1.600000023841858,371900,1.600000023841858,-0.030303001841675226
2020-12-24,1.6180000305175781,1.399999976158142,1.6100000143051147,1.4900000095367432,397200,1.4900000095367432,-0.06875000791624175
2020-12-28,1.659999966621399,1.5199999809265137,1.5199999809265137,1.6200000047683716,682100,1.6200000047683716,0.08724831838896896
2020-12-29,1.6399999856948853,1.4900000095367432,1.600000023841858,1.5099999904632568,443600,1.5099999904632568,-0.06790124319835578
2020-12-30,1.6399999856948853,1.5049999952316284,1.5099999904632568,1.5499999523162842,467900,1.5499999523162842,0.02649004112957365
2020-12-31,1.5800000429153442,1.4500000476837158,1.5700000524520874,1.4700000286102295,349500,1.4700000286102295,-0.05161285559170803
